horizon,model,n_origins,mae,rmse,mape_percent
1,naive,12,1.0784023366666655,1.6068832402414615,0.6633147300064695
1,drift,12,1.0812451931728404,1.6012212653265299,0.6659967005824923
1,ridge_returns,12,1.1289512621715023,1.6308718371057755,0.6954265354239417
7,naive,12,3.4102229183333344,3.884225771015965,2.1029789731730144
7,drift,12,3.2867561674892323,3.996548011892122,2.0337334678247294
7,ridge_returns,12,3.4432447146537917,4.065139736847056,2.132944684563287
30,naive,12,4.703117842500004,5.678237215286424,2.8899900098613553
30,drift,12,5.249921917559701,6.488133714046002,3.2628553216344787
30,ridge_returns,12,5.657099230714252,7.07368280292673,3.5204075450803973
