origin,target_date,horizon,model,actual,prediction,train_samples
2021-05-07,2021-05-08,1,naive,157.86733624,157.97819739,471
2021-05-07,2021-05-08,1,drift,157.86733624,158.09622800512193,471
2021-05-07,2021-05-08,1,ridge_returns,157.86733624,158.19096850067942,471
2021-05-07,2021-05-14,7,naive,156.5200655,157.97819739,465
2021-05-07,2021-05-14,7,drift,156.5200655,158.80441169585364,465
2021-05-07,2021-05-14,7,ridge_returns,156.5200655,160.3423099903274,465
2021-05-07,2021-06-06,30,naive,167.77867759,157.97819739,442
2021-05-07,2021-06-06,30,drift,167.77867759,161.51911584365854,442
2021-05-07,2021-06-06,30,ridge_returns,167.77867759,160.63288984554808,442
2021-05-14,2021-05-15,1,naive,156.091365,156.5200655,478
2021-05-14,2021-05-15,1,drift,156.091365,156.63351826703405,478
2021-05-14,2021-05-15,1,ridge_returns,156.091365,156.7457968017638,478
2021-05-14,2021-05-21,7,naive,159.86922289,156.5200655,472
2021-05-14,2021-05-21,7,drift,159.86922289,157.31423486923848,472
2021-05-14,2021-05-21,7,ridge_returns,159.86922289,159.14237136657178,472
2021-05-14,2021-06-13,30,naive,163.86244601,156.5200655,449
2021-05-14,2021-06-13,30,drift,163.86244601,159.92364851102204,449
2021-05-14,2021-06-13,30,ridge_returns,163.86244601,158.70202864883598,449
2021-05-21,2021-05-22,1,naive,161.58880768,159.86922289,485
2021-05-21,2021-05-22,1,drift,161.58880768,159.98772504047432,485
2021-05-21,2021-05-22,1,ridge_returns,161.58880768,159.94573965377052,485
2021-05-21,2021-05-28,7,naive,165.511359,159.86922289,479
2021-05-21,2021-05-28,7,drift,165.511359,160.69873794332017,479
2021-05-21,2021-05-28,7,ridge_returns,165.511359,160.9653395959217,479
2021-05-21,2021-06-20,30,naive,163.29555002,159.86922289,456
2021-05-21,2021-06-20,30,drift,163.29555002,163.42428740422926,456
2021-05-21,2021-06-20,30,ridge_returns,163.29555002,161.62577391009808,456
2021-05-28,2021-05-29,1,naive,165.82593733,165.511359,492
2021-05-28,2021-05-29,1,drift,165.82593733,165.63924247807017,492
2021-05-28,2021-05-29,1,ridge_returns,165.82593733,165.64885760044584,492
2021-05-28,2021-06-04,7,naive,169.27656721,165.511359,486
2021-05-28,2021-06-04,7,drift,169.27656721,166.40654334649122,486
2021-05-28,2021-06-04,7,ridge_returns,169.27656721,166.547142006758,486
2021-05-28,2021-06-27,30,naive,161.34820061,165.511359,463
2021-05-28,2021-06-27,30,drift,161.34820061,169.34786334210526,463
2021-05-28,2021-06-27,30,ridge_returns,161.34820061,168.48533506132063,463
2021-06-04,2021-06-05,1,naive,169.56872007,169.27656721,499
2021-06-04,2021-06-05,1,drift,169.56872007,169.40996996473078,499
2021-06-04,2021-06-05,1,ridge_returns,169.56872007,169.23552636699756,499
2021-06-04,2021-06-11,7,naive,162.32332766,169.27656721,493
2021-06-04,2021-06-11,7,drift,162.32332766,170.21038649311538,493
2021-06-04,2021-06-11,7,ridge_returns,162.32332766,168.47503604821455,493
2021-06-04,2021-07-04,30,naive,160.05074928,169.27656721,470
2021-06-04,2021-07-04,30,drift,160.05074928,173.27864985192306,470
2021-06-04,2021-07-04,30,ridge_returns,160.05074928,174.01619529774212,470
2021-06-11,2021-06-12,1,naive,163.59189966,162.32332766,506
2021-06-11,2021-06-12,1,drift,163.59189966,162.4417644586907,506
2021-06-11,2021-06-12,1,ridge_returns,163.59189966,162.44752732835795,506
2021-06-11,2021-06-18,7,naive,165.32015571,162.32332766,500
2021-06-11,2021-06-18,7,drift,165.32015571,163.1523852508349,500
2021-06-11,2021-06-18,7,ridge_returns,165.32015571,162.22612768456537,500
2021-06-11,2021-07-11,30,naive,167.32681775,162.32332766,477
2021-06-11,2021-07-11,30,drift,167.32681775,165.87643162072106,477
2021-06-11,2021-07-11,30,ridge_returns,167.32681775,167.24123731468745,477
2021-06-18,2021-06-19,1,naive,162.0723117,165.32015571,513
2021-06-18,2021-06-19,1,drift,162.0723117,165.44265200393258,513
2021-06-18,2021-06-19,1,ridge_returns,162.0723117,165.5430382303392,513
2021-06-18,2021-06-25,7,naive,161.2729535,165.32015571,507
2021-06-18,2021-06-25,7,drift,161.2729535,166.1776297675281,507
2021-06-18,2021-06-25,7,ridge_returns,161.2729535,167.31543553843585,507
2021-06-18,2021-07-18,30,naive,164.07529195,165.32015571,484
2021-06-18,2021-07-18,30,drift,164.07529195,168.9950445279775,484
2021-06-18,2021-07-18,30,ridge_returns,164.07529195,170.4870469046082,484
2021-06-25,2021-06-26,1,naive,161.35439829,161.2729535,520
2021-06-25,2021-06-26,1,drift,161.35439829,161.38638384889094,520
2021-06-25,2021-06-26,1,ridge_returns,161.35439829,161.4623359875788,520
2021-06-25,2021-07-02,7,naive,162.50131984,161.2729535,514
2021-06-25,2021-07-02,7,drift,162.50131984,162.0669659422366,514
2021-06-25,2021-07-02,7,ridge_returns,162.50131984,161.31285956046514,514
2021-06-25,2021-07-25,30,naive,160.70040101,161.2729535,491
2021-06-25,2021-07-25,30,drift,160.70040101,164.6758639667283,491
2021-06-25,2021-07-25,30,ridge_returns,160.70040101,164.5802865580099,491
2021-07-02,2021-07-03,1,naive,161.39195301,162.50131984,527
2021-07-02,2021-07-03,1,drift,161.39195301,162.6155428054927,527
2021-07-02,2021-07-03,1,ridge_returns,161.39195301,162.6006608113222,527
2021-07-02,2021-07-09,7,naive,159.9310601,162.50131984,521
2021-07-02,2021-07-09,7,drift,159.9310601,163.3008805984489,521
2021-07-02,2021-07-09,7,ridge_returns,159.9310601,164.45250335137047,521
2021-07-02,2021-08-01,30,naive,154.39487993,162.50131984,498
2021-07-02,2021-08-01,30,drift,154.39487993,165.92800880478103,498
2021-07-02,2021-08-01,30,ridge_returns,154.39487993,167.20821495347278,498
2021-07-09,2021-07-10,1,naive,163.67581117,159.9310601,534
2021-07-09,2021-07-10,1,drift,163.67581117,160.03921131684683,534
2021-07-09,2021-07-10,1,ridge_returns,163.67581117,160.01985278646592,534
2021-07-09,2021-07-16,7,naive,162.20495357,159.9310601,528
2021-07-09,2021-07-16,7,drift,162.20495357,160.68811861792793,528
2021-07-09,2021-07-16,7,ridge_returns,162.20495357,160.8537128512656,528
2021-07-09,2021-08-08,30,naive,160.54574128,159.9310601,505
2021-07-09,2021-08-08,30,drift,160.54574128,163.1755966054054,505
2021-07-09,2021-08-08,30,ridge_returns,160.54574128,163.4162699734458,505
2021-07-16,2021-07-17,1,naive,162.0261796,162.20495357,541
2021-07-16,2021-07-17,1,drift,162.0261796,162.31580378142348,541
2021-07-16,2021-07-17,1,ridge_returns,162.0261796,162.39229592569325,541
2021-07-16,2021-07-23,7,naive,163.00755904,162.20495357,535
2021-07-16,2021-07-23,7,drift,163.00755904,162.9809050499644,535
2021-07-16,2021-07-23,7,ridge_returns,163.00755904,162.74523948708773,535
2021-07-16,2021-08-15,30,naive,160.42366335,162.20495357,512
2021-07-16,2021-08-15,30,drift,160.42366335,165.5304599127046,512
2021-07-16,2021-08-15,30,ridge_returns,160.42366335,167.16147912432444,512
2021-07-23,2021-07-24,1,naive,162.5633613,163.00755904,548
2021-07-23,2021-07-24,1,drift,162.5633613,163.1184560949912,548
2021-07-23,2021-07-24,1,ridge_returns,162.5633613,163.02555185471917,548
2021-07-23,2021-07-30,7,naive,157.17191245,163.00755904,542
2021-07-23,2021-07-30,7,drift,157.17191245,163.78383842493847,542
2021-07-23,2021-07-30,7,ridge_returns,157.17191245,164.05462615013258,542
2021-07-23,2021-08-22,30,naive,168.16349134,163.00755904,519
2021-07-23,2021-08-22,30,drift,168.16349134,166.33447068973638,519
2021-07-23,2021-08-22,30,ridge_returns,168.16349134,168.1557626851833,519
