model,year,n,rel_rmse
drift,2023,249,1.03142
drift,2024,250,1.00517
drift,2025,249,0.978628
drift,2026,164,1.04951
extra_trees(min_leaf=60),2023,249,0.997807
extra_trees(min_leaf=60),2024,250,1.02281
extra_trees(min_leaf=60),2025,249,0.987723
extra_trees(min_leaf=60),2026,164,1.00357
gradient_boosting(max_depth=2),2023,249,0.993741
gradient_boosting(max_depth=2),2024,250,1.00487
gradient_boosting(max_depth=2),2025,249,0.99771
gradient_boosting(max_depth=2),2026,164,0.991575
naive,2023,249,1
naive,2024,250,1
naive,2025,249,1
naive,2026,164,1
ridge(alpha=1000.0),2023,249,1.01017
ridge(alpha=1000.0),2024,250,0.993604
ridge(alpha=1000.0),2025,249,0.990192
ridge(alpha=1000.0),2026,164,0.995835
