model,horizon,mean_loss_diff,dm_stat,p_value,boot_ci_low,boot_ci_high,p_holm,ci_excludes_0
drift,1,1.15011e-06,1.43815,0.150738,-3.50363e-07,2.68898e-06,1,False
drift,5,2.47628e-05,1.72402,0.0850468,-8.34983e-06,6.02647e-05,1,False
drift,20,0.00039955,1.544,0.122938,-0.000139139,0.00101709,1,False
extra_trees(min_leaf=20),1,-1.11904e-06,-0.576951,0.564116,-5.50363e-06,2.09186e-06,1,False
extra_trees(min_leaf=20),5,3.34928e-06,0.108911,0.913297,-7.12465e-05,6.8829e-05,1,False
extra_trees(min_leaf=20),20,8.23414e-05,0.171043,0.864229,-0.00102225,0.00104673,1,False
gradient_boosting(max_depth=2),1,-2.36976e-06,-0.618381,0.53648,-6.84757e-06,2.32691e-06,1,False
gradient_boosting(max_depth=2),5,9.72552e-06,0.278531,0.780668,-6.80315e-05,7.8378e-05,1,False
gradient_boosting(max_depth=2),20,0.00019769,0.396515,0.691818,-0.000920934,0.00121921,1,False
ridge(alpha=1000.0),1,-1.61112e-06,-0.549027,0.583122,-8.47959e-06,4.12382e-06,1,False
ridge(alpha=1000.0),5,-3.0182e-05,-1.26255,0.207075,-8.32473e-05,1.1793e-05,1,False
ridge(alpha=1000.0),20,-0.00029083,-0.876781,0.380838,-0.00097103,0.000315094,1,False
