date,open,high,low,close,volume
2020-01-01,100.00000000,101.70000000,98.90000000,100.50000000,1020.00000000
2020-01-02,100.16467473,101.85470802,99.06467473,100.65470802,1019.87667017
2020-01-03,100.32740396,101.98793446,99.22740396,100.78793446,1019.50820171
2020-01-04,100.48627253,102.09894034,99.38627253,100.89894034,1018.89913893
2020-01-05,100.63942554,102.18777889,99.53942554,100.98777889,1018.05699339
2020-01-06,100.78509727,102.25524843,99.68509727,101.05524843,1016.99215126
2020-01-07,100.92163876,102.30281764,99.82163876,101.10281764,1015.71774522
2020-01-08,101.04754350,102.33252707,99.94754350,101.13252707,1014.24949249
2020-01-09,101.16147098,102.36147098,100.04687122,101.14687122,1012.60550102
2020-01-10,101.26226759,102.46226759,100.04866655,101.14866655,1010.80604612
2020-01-11,101.34898462,102.54898462,100.04091120,101.14091120,1008.87332043
2020-01-12,101.42089306,102.62089306,100.02664250,101.12664250,1006.83116024
2020-01-13,101.47749499,102.67749499,100.00879813,101.10879813,1004.70475147
2020-01-14,101.51853134,102.71853134,99.99008696,101.09008696,1002.52031907
2020-01-15,101.54398595,102.74398595,99.97287478,101.07287478,1000.30480362
2020-01-16,101.55408578,102.75408578,99.95908953,101.05908953,998.08552904
2020-01-17,101.54929743,102.74929743,99.95015004,101.05015004,995.88986559
2020-01-18,101.53031979,102.73031979,99.94692069,101.04692069,993.74489236
2020-01-19,101.49807320,102.69807320,99.94969399,101.04969399,991.67706327
2020-01-20,101.45368503,102.65368503,99.95820118,101.05820118,989.71188081
2020-01-21,101.39847214,102.59847214,99.97165033,101.07165033,987.87358155
2020-01-22,101.33392030,102.53392030,99.98878989,101.08878989,986.18483721
2020-01-23,101.26166099,102.46166099,100.00799456,101.10799456,984.66647502
2020-01-24,101.18344599,102.38344599,100.02736973,101.12736973,983.33722095
2020-01-25,101.10112001,102.34486950,100.00112001,101.14486950,982.21346864
2020-01-26,101.01659189,102.35842298,99.91659189,101.15842298,981.30907731
2020-01-27,100.93180487,102.36606320,99.83180487,101.16606320,980.63520082
2020-01-28,100.84870619,102.36605263,99.74870619,101.16605263,980.20015007
2020-01-29,100.76921677,102.35699971,99.66921677,101.15699971,980.00929052
2020-01-30,100.69520121,102.33796097,99.59520121,101.13796097,980.06497606
2020-01-31,100.62843868,102.30852382,99.52843868,101.10852382,980.36651991
2020-02-01,100.57059517,102.26886622,99.47059517,101.06886622,980.91020313
2020-02-02,100.52319750,102.21978996,99.42319750,101.01978996,981.68932048
2020-02-03,100.48760949,102.16272578,99.38760949,100.96272578,982.69426314
2020-02-04,100.46501064,102.09970939,99.36501064,100.89970939,983.91263716
2020-02-05,100.45637781,102.03332893,99.35637781,100.83332893,985.32941634
2020-02-06,100.46246988,101.96664554,99.36246988,100.76664554,986.92712758
2020-02-07,100.48381599,101.90308965,99.38381599,100.70308965,988.68606634
2020-02-08,100.52070721,101.84633713,99.42070721,100.64633713,990.58453964
2020-02-09,100.57319206,101.80016977,99.47319206,100.60016977,992.59913366
2020-02-10,100.64107573,101.84107573,99.46832571,100.56832571,994.70500244
2020-02-11,100.72392308,101.92392308,99.45434565,100.55434565,996.87617433
2020-02-12,100.82106551,102.02106551,99.46142118,100.56142118,999.08587231
2020-02-13,100.93161132,102.13161132,99.49225130,100.59225130,1001.30684421
2020-02-14,101.05445967,102.25445967,99.54891317,100.64891317,1003.51169882
2020-02-15,101.18831775,102.38831775,99.63275262,100.73275262,1005.67324371
2020-02-16,101.33172092,102.53172092,99.74429911,100.84429911,1007.76482058
2020-02-17,101.48305562,102.68305562,99.88320910,100.98320910,1009.76063406
2020-02-18,101.64058450,102.84058450,100.04824057,101.14824057,1011.63606980
2020-02-19,101.80247357,103.00247357,100.23726043,101.33726043,1013.36799809
2020-02-20,101.96682078,103.16682078,100.44728502,101.54728502,1014.93505909
2020-02-21,102.13168575,103.33168575,100.67455292,101.77455292,1016.31792626
2020-02-22,102.29511999,103.49511999,100.91462786,102.01462786,1017.49954472
2020-02-23,102.45519735,103.65519735,101.16252826,102.26252826,1018.46534160
2020-02-24,102.61004407,103.81004407,101.41287912,102.51287912,1019.20340573
2020-02-25,102.75786801,103.96008086,101.65786801,102.76008086,1019.70463459
2020-02-26,102.89698660,104.19848903,101.79698660,102.99848903,1019.96284653
2020-02-27,103.02585313,104.42259857,101.92585313,103.22259857,1019.97485702
2020-02-28,103.14308088,104.62722569,102.04308088,103.42722569,1019.74051795
2020-02-29,103.24746472,104.80768096,102.14746472,103.60768096,1019.26271940
2020-03-01,103.33799998,104.95992696,102.23799998,103.75992696,1018.54735406
2020-03-02,103.41389805,105.08071488,102.31389805,103.88071488,1017.60324452
2020-03-03,103.47459878,105.16769493,102.37459878,103.96769493,1016.44203447
2020-03-04,103.51977912,105.21949642,102.41977912,104.01949642,1015.07804509
2020-03-05,103.54935825,105.23577453,102.44935825,104.03577453,1013.52809843
2020-03-06,103.56349877,105.21722216,102.46349877,104.01722216,1011.81130997
2020-03-07,103.56260421,105.16554619,102.46260421,103.96554619,1009.94885282
2020-03-08,103.54731272,105.08340927,102.44731272,103.88340927,1007.96369664
2020-03-09,103.51848711,104.97433911,102.41848711,103.77433911,1005.88032433
2020-03-10,103.47720138,104.84260882,102.37720138,103.64260882,1003.72443008
2020-03-11,103.42472395,104.69309256,102.32472395,103.49309256,1001.52260249
2020-03-12,103.36249792,104.56249792,102.23110206,103.33110206,999.30199668
2020-03-13,103.29211849,104.49211849,102.06220981,103.16220981,997.08999932
2020-03-14,103.21530808,104.41530808,101.89206563,102.99206563,994.91389096
2020-03-15,103.13388949,104.33388949,101.72621324,102.82621324,992.80050949
2020-03-16,103.04975741,104.24975741,101.56991345,102.66991345,990.77591922
2020-03-17,102.96484888,104.16484888,101.42798039,102.52798039,988.86508937
2020-03-18,102.88111306,104.08111306,101.30463660,102.40463660,987.09158619
2020-03-19,102.80048081,104.00048081,101.20339199,102.30339199,985.47728226
2020-03-20,102.72483454,103.92483454,101.12695074,102.22695074,984.04208675
2020-03-21,102.65597889,103.85597889,101.07714915,102.17714915,982.80369992
2020-03-22,102.59561250,103.79561250,101.05492626,102.15492626,981.77739476
2020-03-23,102.54530157,103.74530157,101.06032759,102.16032759,980.97582868
2020-03-24,102.50645536,103.70645536,101.09254134,102.19254134,980.40888739
2020-03-25,102.48030424,103.68030424,101.14996495,102.24996495,980.08356294
2020-03-26,102.46788048,103.66788048,101.23029881,102.33029881,980.00386758
2020-03-27,102.47000213,103.67000213,101.33066303,102.43066303,980.17078418
2020-03-28,102.48726028,103.74773208,101.38726028,102.54773208,980.58225415
2020-03-29,102.52000979,103.87788167,101.42000979,102.67788167,981.23320286
2020-03-30,102.56836382,104.01734192,101.46836382,102.81734192,982.11560215
2020-03-31,102.63219200,104.16235036,101.53219200,102.96235036,983.21856942
2020-04-01,102.71112250,104.30929874,101.61112250,103.10929874,984.52850178
2020-04-02,102.80454783,104.45486791,101.70454783,103.25486791,986.02924387
2020-04-03,102.91163429,104.59614538,101.81163429,103.39614538,987.70228705
2020-04-04,103.03133502,104.73072120,101.93133502,103.53072120,989.52699772
2020-04-05,103.16240634,104.85675864,102.06240634,103.65675864,991.48087174
2020-04-06,103.30342708,104.97303726,102.20342708,103.77303726,993.53981203
2020-04-07,103.45282087,105.07896703,102.35282087,103.87896703,995.67842571
2020-04-08,103.60888065,105.17457369,102.50888065,103.97457369,997.87033729
2020-04-09,103.76979533,105.26045624,102.66979533,104.06045624,1000.08851396
2020-04-10,103.93367810,105.33771913,102.83367810,104.13771913,1002.30559899
2020-04-11,104.09859580,105.40788249,102.99859580,104.20788249,1004.49424911
2020-04-12,104.26259913,105.47277456,103.16259913,104.27277456,1006.62747173
2020-04-13,104.42375307,105.62375307,103.23441157,104.33441157,1008.67895785
2020-04-14,104.58016704,105.78016704,103.29487037,104.39487037,1010.62340654
2020-04-15,104.73002444,105.93002444,103.35615981,104.45615981,1012.43683694
2020-04-16,104.87161099,106.07161099,103.42009651,104.52009651,1014.09688403
2020-04-17,105.00334146,106.20334146,103.48819090,104.58819090,1015.58307450
2020-04-18,105.12378443,106.32378443,103.56154854,104.66154854,1016.87707917
2020-04-19,105.23168461,106.43168461,103.64079127,104.74079127,1017.96293912
2020-04-20,105.32598244,106.52598244,103.72600203,104.82600203,1018.82726245
2020-04-21,105.40583063,106.60583063,103.81669578,104.91669578,1019.45938946
2020-04-22,105.47060736,106.67060736,103.91181833,105.01181833,1019.85152416
2020-04-23,105.51992598,106.71992598,104.00977325,105.10977325,1019.99883036
2020-04-24,105.55364110,106.75364110,104.10847616,105.20847616,1019.89949132
2020-04-25,105.57185078,106.77185078,104.20543427,105.30543427,1019.55473219
2020-04-26,105.57489506,106.77489506,104.29784816,105.39784816,1018.96880488
2020-04-27,105.56335060,106.76335060,104.38273162,105.48273162,1018.14893563
2020-04-28,105.53802176,106.75704472,104.43802176,105.55704472,1017.10523586
2020-04-29,105.49992797,106.81783448,104.39992797,105.61783448,1015.85057752
2020-04-30,105.45028784,106.86237734,104.35028784,105.66237734,1014.40043427
2020-05-01,105.39050019,106.88831735,104.29050019,105.68831735,1012.77269071
2020-05-02,105.32212217,106.89379395,104.22212217,105.69379395,1010.98742177
2020-05-03,105.24684498,106.87755400,104.14684498,105.67755400,1009.06664515
2020-05-04,105.16646748,106.83904274,104.06646748,105.63904274,1007.03404975
2020-05-05,105.08286813,106.77846954,103.98286813,105.57846954,1004.91470353
2020-05-06,104.99797565,106.69684514,103.89797565,105.49684514,1002.73474436
2020-05-07,104.91373894,106.59598816,103.81373894,105.39598816,1000.52105764
2020-05-08,104.83209668,106.47849988,103.73209668,105.27849988,998.30094472
2020-05-09,104.75494706,106.34770755,103.65494706,105.14770755,996.10178622
2020-05-10,104.68411815,106.20757781,103.58411815,105.00757781,993.95070432
2020-05-11,104.62133941,106.06260292,103.52133941,104.86260292,991.87422828
2020-05-12,104.56821466,105.91766361,103.46821466,104.71766361,989.89796725
2020-05-13,104.52619708,105.77787341,103.42619708,104.57787341,988.04629441
2020-05-14,104.49656653,105.69656653,103.34841007,104.44841007,986.34204642
2020-05-15,104.48040957,105.68040957,103.23434016,104.33434016,984.80624174
2020-05-16,104.47860251,105.67860251,103.14044348,104.24044348,983.45782142
2020-05-17,104.49179774,105.69179774,103.07104374,104.17104374,982.31341551
2020-05-18,104.52041353,105.72041353,103.02985201,104.12985201,981.38713794
2020-05-19,104.56462753,105.76462753,103.01982895,104.11982895,980.69041248
2020-05-20,104.62437399,105.82437399,103.04307106,104.14307106,980.23183184
2020-05-21,104.69934477,105.89934477,103.10072552,104.20072552,980.01705167
2020-05-22,104.78899416,105.98899416,103.19293696,104.29293696,980.04872086
2020-05-23,104.89254740,106.09254740,103.31882849,104.41882849,980.32644884
2020-05-24,105.00901275,106.20901275,103.47651781,104.57651781,980.84681039
2020-05-25,105.13719702,106.33719702,103.66316825,104.76316825,981.60338790
2020-05-26,105.27572410,106.47572410,103.87507285,104.97507285,982.58685052
2020-05-27,105.42305651,106.62305651,104.10776881,105.20776881,983.78506921
2020-05-28,105.57751938,106.77751938,104.35617806,105.45617806,985.18326636
2020-05-29,105.73732654,106.93732654,104.61476910,105.71476910,986.76419803
2020-05-30,105.90060845,107.17773418,104.80060845,105.97773418,988.50836663
2020-05-31,106.06544133,107.43917547,104.96544133,106.23917547,990.39426134
2020-06-01,106.22987721,107.69329353,105.12987721,106.49329353,992.39862347
2020-06-02,106.39197430,107.93457122,105.29197430,106.73457122,994.49673324
2020-06-03,106.54982733,108.15794659,105.44982733,106.95794659,996.66271471
2020-06-04,106.70159723,108.35896841,105.60159723,107.15896841,998.86985485
2020-06-05,106.84553987,108.53392902,105.74553987,107.33392902,1001.09093306
2020-06-06,106.98003327,108.67996985,105.88003327,107.47996985,1003.29855681
2020-06-07,107.10360288,108.79515601,106.00360288,107.59515601,1005.46549952
2020-06-08,107.21494463,108.87851763,106.11494463,107.67851763,1007.56503631
2020-06-09,107.31294525,108.93005693,106.21294525,107.73005693,1009.57127364
2020-06-10,107.39669967,108.95072110,106.29669967,107.75072110,1011.45946862
2020-06-11,107.46552511,108.94234258,106.36552511,107.74234258,1013.20633416
2020-06-12,107.51897176,108.90754943,106.41897176,107.70754943,1014.79032622
2020-06-13,107.55682979,108.84964966,106.45682979,107.64964966,1016.19190943
2020-06-14,107.57913263,108.77913263,106.47249426,107.57249426,1017.39379809
2020-06-15,107.58615643,108.78615643,106.38032447,107.48032447,1018.38116935
2020-06-16,107.57841577,108.77841577,106.27760942,107.37760942,1019.14184595
2020-06-17,107.55665564,108.75665564,106.16888040,107.26888040,1019.66644650
2020-06-18,107.52183977,108.72183977,106.05856834,107.15856834,1019.94850110
2020-06-19,107.47513565,108.67513565,105.95085052,107.05085052,1019.98453117
2020-06-20,107.41789627,108.61789627,105.84951233,106.94951233,1019.77409236
2020-06-21,107.35163900,108.55163900,105.75782926,106.85782926,1019.31978001
2020-06-22,107.27802197,108.47802197,105.67847306,106.77847306,1018.62719714
2020-06-23,107.19881812,108.39881812,105.61344548,106.71344548,1017.70488537
2020-06-24,107.11588760,108.31588760,105.56404150,106.66404150,1016.56421955
2020-06-25,107.03114869,108.23114869,105.53084281,106.63084281,1015.21926749
2020-06-26,106.94654790,108.14654790,105.51374117,106.61374117,1013.68661647
2020-06-27,106.86402959,108.06402959,105.51198997,106.61198997,1011.98516864
2020-06-28,106.78550561,107.98550561,105.52428112,106.62428112,1010.13590793
2020-06-29,106.71282549,107.91282549,105.54884364,106.64884364,1008.16164124
2020-06-30,106.64774756,107.88355911,105.54774756,106.68355911,1006.08671716
2020-07-01,106.59191154,107.92608879,105.49191154,106.72608879,1003.93672571
2020-07-02,106.54681290,107.97400664,105.44681290,106.77400664,1001.73818269
2020-07-03,106.51377960,108.02493232,105.41377960,106.82493232,999.51820269
2020-07-04,106.49395127,108.07665830,105.39395127,106.87665830,997.30416469
2020-07-05,106.48826154,108.12726555,105.38826154,106.92726555,995.12337438
2020-07-06,106.49742337,108.17522266,105.39742337,106.97522266,993.00272741
2020-07-07,106.52191797,108.21946419,105.42191797,107.01946419,990.96837768
2020-07-08,106.56198731,108.25944487,105.46198731,107.05944487,989.04541480
2020-07-09,106.61763031,108.29516713,105.51763031,107.09516713,987.25755462
2020-07-10,106.68860286,108.32718106,105.58860286,107.12718106,985.62684681
2020-07-11,106.77442164,108.35655650,105.67442164,107.15655650,984.17340286
2020-07-12,106.87437167,108.38482867,105.77437167,107.18482867,982.91514805
2020-07-13,106.98751744,108.41391965,105.88751744,107.21391965,981.86760044
2020-07-14,107.11271755,108.44603902,106.01271755,107.24603902,981.04367939
2020-07-15,107.24864247,108.48356809,106.14864247,107.28356809,980.45354633
2020-07-16,107.39379533,108.59379533,106.22893273,107.32893273,980.10447934
2020-07-17,107.54653525,108.74653525,106.28447029,107.38447029,980.00078347
2020-07-18,107.70510296,108.90510296,106.35229667,107.45229667,980.14373760
2020-07-19,107.86764825,109.06764825,106.43417922,107.53417922,980.53157867
2020-07-20,108.03225885,109.23225885,106.53142143,107.63142143,981.15952345
2020-07-21,108.19699025,109.39699025,106.64476456,107.74476456,982.01982751
2020-07-22,108.35989605,109.55989605,106.77431091,107.87431091,983.10188072
2020-07-23,108.51905835,109.71905835,106.91947251,108.01947251,984.39233815
2020-07-24,108.67261767,109.87261767,107.07894804,108.17894804,985.87528461
2020-07-25,108.81880195,110.01880195,107.25072957,108.35072957,987.53243094
2020-07-26,108.95595422,110.15595422,107.43213966,108.53213966,989.34333959
2020-07-27,109.08255845,110.28255845,107.61989786,108.71989786,991.28567665
2020-07-28,109.19726321,110.39726321,107.81021473,108.91021473,993.33548731
2020-07-29,109.29890276,110.49890276,107.99891010,109.09891010,995.46749130
2020-07-30,109.38651523,110.58651523,108.18155147,109.28155147,997.65539463
2020-07-31,109.45935764,110.65935764,108.35360736,109.45360736,999.87221394
2020-08-01,109.51691751,110.81060995,108.41691751,109.61060995,1002.09060924
2020-08-02,109.55892081,110.94832075,108.45892081,109.74832075,1004.28322109
2020-08-03,109.58533629,111.06289294,108.48533629,109.86289294,1006.42300804
2020-08-04,109.59637593,111.15102399,108.49637593,109.95102399,1008.48358015
2020-08-05,109.59249164,111.21009241,108.49249164,110.01009241,1010.43952440
2020-08-06,109.57436822,111.23827328,108.47436822,110.03827328,1012.26671819
2020-08-07,109.54291267,111.23462759,108.44291267,110.03462759,1013.94262674
2020-08-08,109.49924003,111.19916169,108.39924003,109.99916169,1015.44658112
2020-08-09,109.44465599,111.13285408,108.34465599,109.93285408,1016.76003308
2020-08-10,109.38063649,111.03764809,108.28063649,109.83764809,1017.86678383
2020-08-11,109.30880472,110.91641024,108.20880472,109.71641024,1018.75318385
2020-08-12,109.23090579,110.77285527,108.13090579,109.57285527,1019.40830116
2020-08-13,109.14877946,110.61144046,108.04877946,109.41144046,1019.82405624
2020-08-14,109.06433148,110.43723253,107.96433148,109.23723253,1019.99532156
2020-08-15,108.97950382,110.25575189,107.87950382,109.05575189,1019.91998493
2020-08-16,108.89624436,110.09624436,107.77279970,108.87279970,1019.59897546
2020-08-17,108.81647654,110.01647654,107.59427380,108.69427380,1019.03625216
2020-08-18,108.74206928,109.94206928,107.42598031,108.52598031,1018.23875509
2020-08-19,108.67480788,109.87480788,107.27344746,108.37344746,1017.21631977
2020-08-20,108.61636612,109.81636612,107.14174853,108.24174853,1015.98155586
2020-08-21,108.56828014,109.76828014,107.03534021,108.13534021,1014.54969170
2020-08-22,108.53192449,109.73192449,106.95792217,108.05792217,1012.93838645
2020-08-23,108.50849069,109.70849069,106.91232295,108.01232295,1011.16751229
2020-08-24,108.49896859,109.69896859,106.90041608,108.00041608,1009.25890939
2020-08-25,108.50413097,109.70413097,106.92306941,108.02306941,1007.23611653
2020-08-26,108.52452147,109.72452147,106.98012925,108.08012925,1005.12408076
2020-08-27,108.56044607,109.76044607,107.07043971,108.17043971,1002.94884979
2020-08-28,108.61196838,109.81196838,107.19189621,108.29189621,1000.73725071
2020-08-29,108.67890859,109.87890859,107.34153087,108.44153087,998.51655912
2020-08-30,108.76084631,109.96084631,107.51562654,108.61562654,996.31416279
2020-08-31,108.85712711,110.05712711,107.70985476,108.80985476,994.15722383
2020-09-01,108.96687276,110.21943241,107.86687276,109.01943241,992.07234372
2020-09-02,109.08899489,110.43929117,107.98899489,109.23929117,990.08523526
2020-09-03,109.22221203,110.66425308,108.12221203,109.46425308,988.22040543
2020-09-04,109.36506953,110.88920595,108.26506953,109.68920595,986.50085314
2020-09-05,109.51596235,111.10927185,108.41596235,109.90927185,984.94778559
2020-09-06,109.67316005,111.31996261,108.57316005,110.11996261,983.58035675
2020-09-07,109.83483379,111.51731680,108.73483379,110.31731680,982.41543108
2020-09-08,109.99908489,111.69801328,108.89908489,110.49801328,981.46737561
2020-09-09,110.16397446,111.85945753,109.06397446,110.65945753,980.74788267
2020-09-10,110.32755363,111.99983804,109.22755363,110.79983804,980.26582577
2020-09-11,110.48789400,112.11815125,109.38789400,110.91815125,980.02715011
2020-09-12,110.64311769,112.21419479,109.54311769,111.01419479,980.03479926
2020-09-13,110.79142668,112.28852995,109.69142668,111.08852995,980.28867889
2020-09-14,110.93113084,112.34241572,109.83113084,111.14241572,980.78565790
2020-09-15,111.06067432,112.37771754,109.96067432,111.17771754,981.51960707
2020-09-16,111.17865983,112.39679524,110.07865983,111.19679524,982.48147461
2020-09-17,111.28387042,112.48387042,110.10237503,111.20237503,983.65939782
2020-09-18,111.37528851,112.57528851,110.09741128,111.19741128,985.03884941
2020-09-19,111.45211174,112.65211174,110.08494408,111.18494408,986.60281660
2020-09-20,111.51376549,112.71376549,110.06795852,111.16795852,988.33201103
2020-09-21,111.55991186,112.75991186,110.04925182,111.14925182,990.20510657
2020-09-22,111.59045494,112.79045494,110.03131355,111.13131355,992.19900236
2020-09-23,111.60554230,112.80554230,110.01622408,111.11622408,994.28910773
2020-09-24,111.60556270,112.80556270,110.00557521,111.10557521,996.44964543
2020-09-25,111.59114000,112.79114000,110.00041618,111.10041618,998.65396959
2020-09-26,111.56312345,112.76312345,110.00122690,111.10122690,1000.87489432
2020-09-27,111.52257443,112.72257443,110.00791952,111.10791952,1003.08502900
2020-09-28,111.47074988,112.67074988,110.01986758,111.11986758,1005.25711606
2020-09-29,111.40908269,112.60908269,110.03596157,111.13596157,1007.36436721
2020-09-30,111.33915933,112.53915933,110.05468788,111.15468788,1009.38079373
2020-10-01,111.26269514,112.46269514,110.07422764,111.17422764,1011.28152709
2020-10-02,111.18150749,112.39257087,110.08150749,111.19257087,1013.04312557
2020-10-03,111.09748748,112.40764067,109.99748748,111.20764067,1014.64386340
2020-10-04,111.01257039,112.41742194,109.91257039,111.21742194,1016.06399872
2020-10-05,110.92870552,112.42008864,109.82870552,111.22008864,1017.28601701
2020-10-06,110.84782574,112.41412390,109.74782574,111.21412390,1018.29484716
2020-10-07,110.77181733,112.39842738,109.67181733,111.19842738,1019.07804726
2020-10-08,110.70249057,112.37240492,109.60249057,111.17240492,1019.62595813
2020-10-09,110.64155146,112.33603611,109.54155146,111.13603611,1019.93182240
2020-10-10,110.59057513,112.28991653,109.49057513,111.08991653,1019.99186784
2020-10-11,110.55098123,112.23527221,109.45098123,111.03527221,1019.80535392
2020-10-12,110.52401180,112.17394522,109.42401180,110.97394522,1019.37458090
2020-10-13,110.51071187,112.10835029,109.41071187,110.90835029,1018.70486151
2020-10-14,110.51191317,112.04140401,109.41191317,110.84140401,1017.80445538
2020-10-15,110.52822115,111.97642864,109.42822115,110.77642864,1016.68446721
2020-10-16,110.56000550,111.91703440,109.46000550,110.71703440,1015.35870979
2020-10-17,110.60739443,111.86698449,109.50739443,110.66698449,1013.84353366
2020-10-18,110.67027263,111.87027263,109.53004819,110.63004819,1012.15762547
2020-10-19,110.74828311,111.94828311,109.50984779,110.60984779,1010.32177749
2020-10-20,110.84083272,112.04083272,109.50970549,110.60970549,1008.35863121
2020-10-21,110.94710144,112.14710144,109.53249662,110.63249662,1006.29239807
2020-10-22,111.06605517,112.26605517,109.58051506,110.68051506,1004.14856089
2020-10-23,111.19646187,112.39646187,109.65535673,110.75535673,1001.95355958
2020-10-24,111.33691076,112.53691076,109.75782607,110.85782607,999.73446506
2020-10-25,111.48583438,112.68583438,109.88786973,110.98786973,997.51864537
2020-10-26,111.64153300,112.84153300,110.04454068,111.14454068,995.33342818
2020-10-27,111.80220120,113.00220120,110.22599471,111.32599471,993.20576375
2020-10-28,111.96595598,113.16595598,110.42952018,111.52952018,991.16189252
2020-10-29,112.13086620,113.33086620,110.65160040,111.75160040,989.22702151
2020-10-30,112.29498266,113.49498266,110.88800700,111.98800700,987.42501347
2020-10-31,112.45636858,113.65636858,111.13392120,112.23392120,985.77809252
2020-11-01,112.61312976,113.81312976,111.38407895,112.48407895,984.30657011
2020-11-02,112.76344420,113.96344420,111.63293479,112.73293479,983.02859450
2020-11-03,112.90559046,114.17483878,111.80559046,112.97483878,981.95992695
2020-11-04,113.03797459,114.40421992,111.93797459,113.20421992,981.11374731
2020-11-05,113.15915497,114.61576963,112.05915497,113.41576963,980.50049151
2020-11-06,113.26786480,114.80461839,112.16786480,113.60461839,980.12772281
2020-11-07,113.36303190,114.96649909,112.26303190,113.76649909,980.00003856
2020-11-08,113.44379539,115.09789124,112.34379539,113.89789124,980.11901349
2020-11-09,113.50951917,115.19614030,112.40951917,113.99614030,980.48318030
2020-11-10,113.55980184,115.25954821,112.45980184,114.05954821,981.08804771
2020-11-11,113.59448293,115.28743122,112.49448293,114.08743122,981.92615590
2020-11-12,113.61364546,115.28014338,112.51364546,114.08014338,982.98716850
2020-11-13,113.61761457,115.23906432,112.51761457,114.03906432,984.25800006
2020-11-14,113.60695251,115.16655223,112.50695251,113.96655223,985.72297744
2020-11-15,113.58244986,115.06586343,112.48244986,113.86586343,987.36403310
2020-11-16,113.54511316,114.94104178,112.44511316,113.74104178,989.16092792
2020-11-17,113.49614921,114.79678182,112.39614921,113.59678182,991.09150083
2020-11-18,113.43694628,114.63827098,112.33694628,113.43827098,993.13194211
2020-11-19,113.36905238,114.56905238,112.17101636,113.27101636,995.25708702
2020-11-20,113.29415118,114.49415118,112.00066282,113.10066282,997.44072621
2020-11-21,113.21403565,114.41403565,111.83280873,112.93280873,999.65592887
2020-11-22,113.13058017,114.33058017,111.67282631,112.77282631,1001.87537496
2020-11-23,113.04571122,114.24571122,111.52569294,112.62569294,1004.07169208
2020-11-24,112.96137733,114.16137733,111.39583944,112.49583944,1006.21779309
2020-11-25,112.87951870,114.07951870,111.28702072,112.38702072,1008.28721016
2020-11-26,112.80203688,114.00203688,111.20221315,112.30221315,1010.25442122
2020-11-27,112.73076514,113.93076514,111.14354206,112.24354206,1012.09516467
2020-11-28,112.66743985,113.86743985,111.11224146,112.21224146,1013.78673866
2020-11-29,112.61367335,113.81367335,111.10864698,112.20864698,1015.30828104
2020-11-30,112.57092884,113.77092884,111.13222161,112.23222161,1016.64102665
2020-12-01,112.54049752,113.74049752,111.18161262,112.28161262,1017.76853876
2020-12-02,112.52347845,113.72347845,111.25473681,112.35473681,1018.67691179
2020-12-03,112.52076140,113.72076140,111.34889020,112.44889020,1019.35494279
2020-12-04,112.53301294,113.76087747,111.43301294,112.56087747,1019.79426960
2020-12-05,112.56066608,113.88715547,111.46066608,112.68715547,1019.98947403
2020-12-06,112.60391350,114.02398501,111.50391350,112.82398501,1019.93814861
2020-12-07,112.66270451,114.16758459,111.56270451,112.96758459,1019.64092635
2020-12-08,112.73674589,114.31427993,111.63674589,113.11427993,1019.10147288
2020-12-09,112.82550644,114.46064335,111.72550644,113.26064335,1018.32644127
2020-12-10,112.92822526,114.60361750,111.82822526,113.40361750,1017.32538997
2020-12-11,113.04392364,114.74061883,111.94392364,113.54061883,1016.11066494
2020-12-12,113.17142035,114.86961681,112.07142035,113.66961681,1014.69724735
2020-12-13,113.30935002,114.98918624,112.20935002,113.78918624,1013.10256886
2020-12-14,113.45618448,115.09853090,112.35618448,113.89853090,1011.34629661
2020-12-15,113.61025664,115.19747830,112.51025664,113.99747830,1009.45009067
2020-12-16,113.07914569,114.59580529,111.97914569,113.39580529,1007.43733694
2020-12-17,113.61163444,115.04510776,112.51163444,113.84510776,1005.33285865
2020-12-18,114.15080770,115.49178689,113.05080770,114.29178689,1003.16261030
2020-12-19,114.68887603,115.93174070,113.58887603,114.73174070,1000.95335754
2020-12-20,115.21806723,116.41806723,114.06110851,115.16110851,998.73234704
2020-12-21,115.73074765,116.93074765,114.47623629,115.57623629,996.52697048
2020-12-22,116.21954127,117.41954127,114.87363715,115.97363715,994.36442673
2020-12-23,116.67744481,117.87744481,115.24995135,116.34995135,992.27138641
2020-12-24,117.09793702,118.29793702,115.60191036,116.70191036,990.27366295
2020-12-25,117.47508045,118.67508045,115.92630892,117.02630892,988.39589424
2020-12-26,117.80361410,119.00361410,116.21998880,117.31998880,986.66123877
2020-12-27,118.07903548,119.27903548,116.47983704,117.57983704,985.09109001
2020-12-28,118.29767094,119.49767094,116.70280081,117.80280081,983.70481258
2020-12-29,118.45673291,119.65673291,116.88592001,117.98592001,982.51950343
2020-12-30,118.55436349,119.75436349,117.02637763,118.12637763,981.54978093
2020-12-31,118.58966336,119.78966336,117.12156700,118.22156700,980.80760468
2021-01-01,118.56270587,119.76270587,117.16917384,118.26917384,980.30212791
2021-01-02,118.47453586,119.67453586,117.16727037,118.26727037,980.03958465
2021-01-03,118.32715339,119.52715339,117.11441745,118.21441745,980.02321286
2021-01-04,118.12348250,119.32348250,117.00977054,118.10977054,980.25321445
2021-01-05,117.86732559,119.15318426,116.76732559,117.95318426,980.72675280
2021-01-06,117.56330409,118.94531048,116.46330409,117.74531048,981.43798779
2021-01-07,117.21678634,118.68768442,116.11678634,117.48768442,982.37814775
2021-01-08,116.83380382,118.38279375,115.73380382,117.18279375,983.53563771
2021-01-09,116.42095703,118.03412568,115.32095703,116.83412568,984.89618238
2021-01-10,115.98531250,117.64618813,114.88531250,116.44618813,986.44300216
2021-01-11,115.53429249,117.22450146,114.43429249,116.02450146,988.15702018
2021-01-12,115.07555922,116.77555843,113.97555922,115.57555843,990.01709745
2021-01-13,114.61689524,116.30675130,113.51689524,115.10675130,992.00029370
2021-01-14,114.16608204,115.82626595,113.06608204,114.62626595,994.08215019
2021-01-15,113.73077860,115.34294427,112.63077860,114.14294427,996.23699141
2021-01-16,113.31840187,114.86611755,112.21840187,113.66611755,998.43824176
2021-01-17,112.93601104,114.40541441,111.83601104,113.20541441,1000.65875325
2021-01-18,112.59019737,113.97054816,111.49019737,112.77054816,1002.87114034
2021-01-19,112.28698135,113.57108956,111.18698135,112.37108956,1005.04811771
2021-01-20,112.03171877,113.23171877,110.91623125,112.01623125,1007.16283673
2021-01-21,111.82901709,113.02901709,110.61455129,111.71455129,1009.18921661
2021-01-22,111.68266358,112.88266358,110.37378290,111.47378290,1011.10226603
2021-01-23,111.59556625,112.79556625,110.20059808,111.30059808,1012.87839140
2021-01-24,111.56970838,112.76970838,110.10041219,111.20041219,1014.49568778
2021-01-25,111.60611769,112.80611769,110.07721614,111.17721614,1015.93420910
2021-01-26,111.70485019,112.90485019,110.13344224,111.23344224,1017.17621409
2021-01-27,111.86498939,113.06498939,110.26986858,111.36986858,1018.20638512
2021-01-28,112.08466055,113.28466055,110.48556580,111.58556580,1019.01201712
2021-01-29,112.36105997,113.56105997,110.77788860,111.87788860,1019.58317423
2021-01-30,112.69049871,113.89049871,111.14251324,112.24251324,1019.91281239
2021-01-31,113.06846018,114.26846018,111.57352038,112.67352038,1019.99686617
2021-02-01,113.48967060,114.68967060,112.06352147,113.16352147,1019.83429895
2021-02-02,113.94818132,115.14818132,112.60382539,113.70382539,1019.42711565
2021-02-03,114.43746160,115.63746160,113.18464058,114.28464058,1018.78033807
2021-02-04,114.95050059,116.15050059,113.79530696,114.89530696,1017.90194291
2021-02-05,115.47991666,116.72455083,114.37991666,115.52455083,1016.80276338
2021-02-06,116.01807264,117.36075519,114.91807264,116.16075519,1015.49635566
2021-02-07,116.55719499,117.99223760,115.45719499,116.79223760,1013.99883165
2021-02-08,117.08949505,118.60752732,115.98949505,117.40752732,1012.32866029
2021-02-09,117.60729065,119.19563364,116.50729065,117.99563364,1010.50643978
2021-02-10,118.10312595,119.74629765,117.00312595,118.54629765,1008.55464352
2021-02-11,118.56988779,120.25022034,117.46988779,119.05022034,1006.49734299
2021-02-12,119.00091670,120.69926076,117.90091670,119.49926076,1004.35991083
2021-02-13,119.39011081,121.08659897,118.29011081,119.88659897,1002.16870798
2021-02-14,119.73202104,121.40685989,118.63202104,120.20685989,999.95075848
2021-02-15,120.02193620,121.65619541,118.92193620,120.45619541,997.73341628
2021-02-16,120.25595645,121.83232348,119.15595645,120.63232348,995.54402782
2021-02-17,120.43105416,121.93452444,119.33105416,120.73452444,993.40959478
2021-02-18,120.54512118,121.96359630,119.44512118,120.76359630,991.35644110
2021-02-19,120.59700171,121.92177177,119.49700171,120.72177177,989.40988829
2021-02-20,120.58651037,121.81260117,119.48651037,120.61260117,987.59394314
2021-02-21,120.51443505,121.71443505,119.34080645,120.44080645,985.93100168
2021-02-22,120.38252466,121.58252466,119.11211198,120.21211198,984.44157293
2021-02-23,120.19346180,121.39346180,118.83305886,119.93305886,983.14402601
2021-02-24,119.95082091,121.15082091,118.51080916,119.61080916,982.05436352
2021-02-25,119.65901251,120.85901251,118.15294715,119.25294715,981.18602425
2021-02-26,119.32321437,120.52321437,117.76728393,118.86728393,980.54971743
2021-02-27,118.94929069,120.14929069,117.36167168,118.46167168,980.15329062
2021-02-28,118.54370060,119.74370060,116.94383286,118.04383286,980.00163293
2021-03-01,118.11339740,119.31339740,116.52120907,117.62120907,980.09661476
2021-03-02,117.66572000,118.86572000,116.10083308,117.20083308,980.43706470
2021-03-03,117.20827845,118.40827845,115.68922652,116.78922652,981.01878399
2021-03-04,116.74883515,117.94883515,115.29232449,116.39232449,981.83459829
2021-03-05,116.29518376,117.49518376,114.91542732,116.01542732,982.87444618
2021-03-06,115.85502754,117.05502754,114.56317832,115.66317832,984.12550323
2021-03-07,115.43585917,116.63585917,114.23956559,115.33956559,985.57234018
2021-03-08,115.04484380,116.24794480,113.94484380,115.04794480,987.19711321
2021-03-09,114.68870731,115.99107924,113.58870731,114.79107924,988.97978403
2021-03-10,114.37363125,115.77119288,113.27363125,114.57119288,990.89836698
2021-03-11,114.10515648,115.59003165,113.00515648,114.39003165,992.92920021
2021-03-12,113.88809665,115.44892828,112.78809665,114.24892828,995.04723750
2021-03-13,113.72646307,115.34886595,112.62646307,114.14886595,997.22635713
2021-03-14,113.62340219,115.29053644,112.52340219,114.09053644,999.43968404
2021-03-15,113.58114641,115.27438886,112.48114641,114.07438886,1001.65992133
2021-03-16,113.60097931,115.30066595,112.50097931,114.10066595,1003.85968683
2021-03-17,113.68321559,115.36942549,112.58321559,114.16942549,1006.01185087
2021-03-18,113.82719616,115.48054566,112.72719616,114.28054566,1008.08987087
2021-03-19,114.03129846,115.63371395,112.93129846,114.43371395,1010.06811862
2021-03-20,114.29296170,115.82840014,113.19296170,114.62840014,1011.92219645
2021-03-21,114.60872692,116.06381544,113.50872692,114.86381544,1013.62923802
2021-03-22,114.97429089,116.33885992,113.87429089,115.13885992,1015.16819044
2021-03-23,115.38457329,116.65206198,114.28457329,115.45206198,1016.52007382
2021-03-24,115.83379599,117.03379599,114.70151378,115.80151378,1017.66821541
2021-03-25,116.31557321,117.51557321,115.08480708,116.18480708,1018.59845521
2021-03-26,116.82301115,118.02301115,115.49897435,116.59897435,1019.29932057
2021-03-27,117.34881562,118.54881562,115.94043977,117.04043977,1019.76216774
2021-03-28,117.88540578,119.08540578,116.40498487,117.50498487,1019.98128844
2021-03-29,118.42503252,119.62503252,116.88773272,117.98773272,1019.95398025
2021-03-30,118.95989933,120.15989933,117.38315441,118.48315441,1019.68057995
2021-03-31,119.48228398,120.68228398,117.88510025,118.98510025,1019.16445941
2021-04-01,119.98465902,121.18465902,118.38685763,119.48685763,1018.41198391
2021-04-02,120.45980924,121.65980924,118.88123596,119.98123596,1017.43243373
2021-04-03,120.90094426,122.10094426,119.36067829,120.46067829,1016.23788964
2021-04-04,121.30180451,122.50180451,119.81739788,120.91739788,1014.84308394
2021-04-05,121.65675889,122.85675889,120.24353666,121.34353666,1013.26521873
2021-04-06,121.96089263,123.16089263,120.63134200,121.73134200,1011.52375381
2021-04-07,122.21008402,123.41008402,120.97335644,122.07335644,1009.64016663
2021-04-08,122.40106869,123.60106869,121.26261506,122.36261506,1007.63768744
2021-04-09,122.53149059,123.79284393,121.43149059,122.59284393,1005.54101278
2021-04-10,122.59993871,123.95865306,121.49993871,122.75865306,1003.37600091
2021-04-11,122.60596912,124.05571704,121.50596912,122.85571704,1001.16935287
2021-04-12,122.55011191,124.08093673,121.45011191,122.88093673,998.94828322
2021-04-13,122.43386289,124.03257568,121.33386289,122.83257568,996.74018438
2021-04-14,122.25966029,123.91036563,121.15966029,122.71036563,994.57228879
2021-04-15,122.03084666,123.71557634,120.93084666,122.51557634,992.47133307
2021-04-16,121.75161675,123.45104613,120.65161675,122.25104613,990.46322827
2021-04-17,121.42695203,123.12117044,120.32695203,121.92117044,988.57274032
2021-04-18,121.06254298,122.73184749,119.96254298,121.53184749,986.82318456
2021-04-19,120.66470026,122.29038118,119.56470026,121.09038118,985.23613824
2021-04-20,120.24025626,121.80534304,119.14025626,120.60534304,983.83117438
2021-04-21,119.79645848,121.28639626,118.69645848,120.08639626,982.62562036
2021-04-22,119.34085642,120.74408629,118.24085642,119.54408629,981.63434428
2021-04-23,118.88118378,120.18960361,117.78118378,118.98960361,980.86957151
2021-04-24,118.42523779,119.63452522,117.32523779,118.43452522,980.34073399
2021-04-25,117.98075752,119.18075752,116.79054229,117.89054229,980.05435386
2021-04-26,117.55530311,118.75530311,116.26918183,117.36918183,980.01396305
2021-04-27,117.15613784,118.35613784,115.78153056,116.88153056,980.22005968
2021-04-28,116.79011473,117.99011473,115.33796918,116.43796918,980.67010199
2021-04-29,116.46356963,117.66356963,114.94792475,116.04792475,981.35853959
2021-04-30,116.18222236,117.38222236,114.61964859,115.71964859,982.27688201
2021-05-01,115.95108743,117.15108743,114.36002614,115.46002614,983.41380334
2021-05-02,115.77439582,116.97439582,114.17442406,115.27442406,984.75528195
2021-05-03,115.65552892,116.85552892,114.06657899,115.16657899,986.28477341
2021-05-04,115.59696580,116.79696580,114.03853059,115.13853059,987.98341452
2021-05-05,115.60024450,116.80024450,114.09060038,115.19060038,989.83025598
2021-05-06,115.66593805,116.86593805,114.22141623,115.32141623,991.80252072
2021-05-07,115.79364551,116.99364551,114.42798099,115.52798099,993.87588482
2021-05-08,115.98199822,117.18199822,114.70578222,115.80578222,996.02477754
2021-05-09,116.22868121,117.42868121,115.04893889,116.14893889,998.22269661
2021-05-10,116.53046924,117.75037969,115.43046924,116.55037969,1000.44253513
2021-05-11,116.88327721,118.20204665,115.78327721,117.00204665,1002.65691587
2021-05-12,117.28222385,118.69511732,116.18222385,117.49511732,1004.83852891
2021-05-13,117.72170792,119.22023802,116.62170792,118.02023802,1006.96046846
2021-05-14,118.19549560,119.76776089,117.09549560,118.56776089,1008.99656467
2021-05-15,118.69681778,120.32797721,117.59681778,119.12797721,1010.92170640
2021-05-16,119.21847568,120.89134030,118.11847568,119.69134030,1012.71215091
2021-05-17,119.75295320,121.44867137,118.65295320,120.24867137,1014.34581668
2021-05-18,120.29253417,121.99134318,119.19253417,120.79134318,1015.80255574
2021-05-19,120.82942280,122.51143671,119.72942280,121.31143671,1017.06440215
2021-05-20,121.35586532,123.00186775,120.25586532,121.80186775,1018.11579358
2021-05-21,121.86427094,123.45648119,120.76427094,122.25648119,1018.94376324
2021-05-22,122.34733036,123.87011224,121.24733036,122.67011224,1019.53809979
2021-05-23,122.79812978,124.23861499,121.69812978,123.03861499,1019.89147329
2021-05-24,123.21025881,124.55885997,122.11025881,123.35885997,1019.99952559
2021-05-25,123.57791051,124.82870336,122.47791051,123.62870336,1019.86092407
2021-05-26,123.89597197,125.09597197,122.74693156,123.84693156,1019.47737813
2021-05-27,124.16010415,125.36010415,122.91318557,124.01318557,1018.85361801
2021-05-28,124.36680954,125.56680954,123.02786996,124.12786996,1017.99733654
2021-05-29,124.51348675,125.71348675,123.09205194,124.19205194,1016.91909423
2021-05-30,124.59847112,125.79847112,123.10735567,124.20735567,1015.63218901
2021-05-31,124.62106069,125.82106069,123.07585714,124.17585714,1014.15249228
2021-06-01,124.58152713,125.78152713,122.99998435,124.09998435,1012.49825310
2021-06-02,124.48111155,125.68111155,122.88242712,123.98242712,1010.68987318
2021-06-03,124.32200508,125.52200508,122.72605998,123.82605998,1008.74965524
2021-06-04,124.10731472,125.30731472,122.53388071,123.63388071,1006.70152795
2021-06-05,123.84101481,125.04101481,122.30896622,123.40896622,1004.57075082
2021-06-06,123.52788507,124.72788507,122.05444631,123.15444631,1002.38360271
2021-06-07,123.17343597,124.37343597,121.77349486,122.87349486,1000.16705766
2021-06-08,122.78382276,123.98382276,121.46933701,122.56933701,997.94845230
2021-06-09,122.36574940,123.56574940,121.14526988,122.24526988,995.75514864
2021-06-10,121.92636398,123.12636398,120.80469382,121.90469382,993.61419665
2021-06-11,121.47314715,122.75115028,120.37314715,121.55115028,991.55200067
2021-06-12,121.01379538,122.38836206,119.91379538,121.18836206,989.59399373
2021-06-13,120.55610091,122.02027171,119.45610091,120.82027171,987.76432388
2021-06-14,120.10783007,121.65107335,119.00783007,120.45107335,986.08555641
2021-06-15,119.67660219,121.28523391,118.57660219,120.08523391,984.57839554
2021-06-16,119.26977060,120.92749991,118.16977060,119.72749991,983.26142905
2021-06-17,118.89430797,120.58288664,117.79430797,119.38288664,982.15089908
2021-06-18,118.55669746,120.25664740,117.45669746,119.05664740,981.26050176
2021-06-19,118.26283154,119.95422133,117.16283154,118.75422133,980.60121835
2021-06-20,118.01792008,119.68115956,116.91792008,118.48115956,980.18117979
2021-06-21,117.82640904,119.44303031,116.72640904,118.24303031,980.00556639
2021-06-22,117.69191107,119.24530475,116.59191107,118.04530475,980.07654401
2021-06-23,117.61714914,119.09322655,116.51714914,117.89322655,980.39323726
2021-06-24,117.60391408,118.99166888,116.50391408,117.79166888,980.95174039
2021-06-25,117.65303660,118.94498360,116.55303660,117.74498360,981.74516538
2021-06-26,117.76437436,118.96437436,116.65684792,117.75684792,982.76372693
2021-06-27,117.93681414,119.13681414,116.73011432,117.83011432,983.99486314
2021-06-28,118.16828928,119.36828928,116.86666986,117.96666986,985.42339044
2021-06-29,118.45581186,119.65581186,117.06731077,118.16731077,987.03169080
2021-06-30,118.79551937,119.99551937,117.33163824,118.43163824,988.79992911
2021-07-01,119.18273499,120.38273499,117.65798061,118.75798061,990.70629770
2021-07-02,119.61204052,120.81204052,118.04334652,119.14334652,992.72728536
2021-07-03,120.07736100,121.27736100,118.48341271,119.58341271,994.83796728
2021-07-04,120.57205942,121.77205942,118.97254901,120.07254901,997.01231247
2021-07-05,121.08904038,122.28904038,119.50388176,120.60388176,999.22350475
2021-07-06,121.62086074,122.82086074,120.06939565,121.16939565,1001.44427354
2021-07-07,122.15984583,123.35984583,120.66007274,121.76007274,1003.64723013
2021-07-08,122.69820912,123.89820912,121.26606575,122.36606575,1005.80520549
2021-07-09,123.22817385,124.42817385,121.87690169,122.97690169,1007.89158535
2021-07-10,123.74209427,124.94209427,122.48171075,123.58171075,1009.88063842
2021-07-11,124.23257501,125.43257501,123.06947412,124.16947412,1011.74783375
2021-07-12,124.69258646,125.92928384,123.59258646,124.72928384,1013.47014325
2021-07-13,125.11557450,126.45060713,124.01557450,125.25060713,1015.02632569
2021-07-14,125.49556273,126.92354728,124.39556273,125.72354728,1016.39718873
2021-07-15,125.82724573,127.33909318,124.72724573,126.13909318,1017.56582551
2021-07-16,126.10607189,127.68934988,125.00607189,126.48934988,1018.51782326
2021-07-17,126.32831442,127.96774285,125.22831442,126.76774285,1019.24144102
2021-07-18,126.49112947,128.16918972,125.39112947,126.96918972,1019.72775441
2021-07-19,126.59260056,128.29023388,125.49260056,127.09023388,1019.97076575
2021-07-20,126.63176845,128.32913577,125.53176845,127.12913577,1019.96747797
2021-07-21,126.60864614,128.28591899,125.50864614,127.08591899,1019.71793163
2021-07-22,126.52421861,128.16236963,125.42421861,126.96236963,1019.22520438
2021-07-23,126.38042753,127.96198902,125.28042753,126.76198902,1018.49537300
2021-07-24,126.18014088,127.68990119,125.08014088,126.48990119,1017.53743851
2021-07-25,125.92710827,127.35271823,124.82710827,126.15271823,1016.36321509
2021-07-26,125.62590236,126.95836762,124.52590236,125.75836762,1014.98718441
2021-07-27,125.28184757,126.51588715,124.18184757,125.31588715,1013.42631705
2021-07-28,124.90093694,126.10093694,123.73519379,124.83519379,1011.69986315
2021-07-29,124.48973863,125.68973863,123.22683373,124.32683373,1009.82911503
2021-07-30,124.05529345,125.25529345,122.70172130,123.80172130,1007.83714461
2021-07-31,123.60500496,124.80500496,122.17087468,123.27087468,1005.74851882
2021-08-01,123.14652394,124.34652394,121.64515625,122.74515625,1003.58899664
2021-08-02,122.68762902,123.88762902,121.13502518,122.23502518,1001.38521142
2021-08-03,122.23610529,123.43610529,120.65030920,121.75030920,999.16434242
2021-08-04,121.79962282,122.99962282,120.20000162,121.30000162,996.95377957
2021-08-05,121.38561695,122.58561695,119.79208897,120.89208897,994.78078571
2021-08-06,121.00117230,122.20117230,119.43341294,120.53341294,992.67216032
2021-08-07,120.65291217,121.85291217,119.12956953,120.22956953,990.65390906
2021-08-08,120.34689525,121.54689525,118.88484665,119.98484665,988.75092298
2021-08-09,120.08852100,121.28852100,118.70220019,119.80220019,986.98667157
2021-08-10,119.88244547,121.08244547,118.58326714,119.68326714,985.38291332
2021-08-11,119.73250857,120.93250857,118.52841334,119.62841334,983.95942734
2021-08-12,119.64167420,120.84167420,118.53681203,119.63681203,982.73376948
2021-08-13,119.61198400,120.90654871,118.51198400,119.70654871,981.72105575
2021-08-14,119.64452546,121.03474706,118.54452546,119.83474706,980.93377592
2021-08-15,119.73941496,121.21770992,118.63941496,120.01770992,980.38163950
2021-08-16,119.89579597,121.45106954,118.79579597,120.25106954,980.07145600
2021-08-17,120.11185241,121.72994096,119.01185241,120.52994096,980.00705088
2021-08-18,120.38483696,122.04907262,119.28483696,120.84907262,980.18921847
2021-08-19,120.71111400,122.40298916,119.61111400,121.20298916,980.61571208
2021-08-20,121.08621626,122.78612140,119.98621626,121.58612140,981.28127179
2021-08-21,121.50491457,123.19292006,120.40491457,121.99292006,982.17768925
2021-08-22,121.96129949,123.61795009,120.86129949,122.41795009,983.29390897
