dataset,gamma,window,nominal,coverage,mean_width,interval_score
VN30,0.001,250,0.8,0.805921,0.0684354,0.0959162
VN30,0.001,250,0.95,0.95614,0.113595,0.148255
VN30,0.001,500,0.8,0.803728,0.0665705,0.095192
VN30,0.001,500,0.95,0.951754,0.110052,0.146006
VN30,0.001,1000,0.8,0.807018,0.0666195,0.0952075
VN30,0.001,1000,0.95,0.952851,0.110308,0.145523
VN30,0.005,250,0.8,0.801535,0.0680246,0.0965106
VN30,0.005,250,0.95,0.950658,0.116699,0.152776
VN30,0.005,500,0.8,0.799342,0.0663766,0.0957166
VN30,0.005,500,0.95,0.948465,0.109927,0.147597
VN30,0.005,1000,0.8,0.798246,0.0670919,0.0958932
VN30,0.005,1000,0.95,0.948465,0.110352,0.146798
VN30,0.02,250,0.8,0.798246,0.070373,0.0985691
VN30,0.02,250,0.95,0.948465,0.194072,0.230858
VN30,0.02,500,0.8,0.798246,0.070503,0.0986833
VN30,0.02,500,0.95,0.947368,0.219112,0.25723
VN30,0.02,1000,0.8,0.798246,0.0690222,0.0982325
VN30,0.02,1000,0.95,0.947368,0.207294,0.243988
