dataset,centre,horizon,nominal,coverage,mean_width,interval_score
VN30,extra_trees(min_leaf=60),1,0.8,0.801535,0.0269,0.0419273
VN30,extra_trees(min_leaf=60),1,0.95,0.949561,0.0488781,0.0685005
VN30,extra_trees(min_leaf=60),5,0.8,0.799342,0.0652521,0.0954491
VN30,extra_trees(min_leaf=60),5,0.95,0.949561,0.109993,0.149514
VN30,extra_trees(min_leaf=60),20,0.8,0.802632,0.14507,0.199314
VN30,extra_trees(min_leaf=60),20,0.95,0.952851,0.259755,0.316303
VN30,naive,1,0.8,0.801535,0.0271243,0.0420494
VN30,naive,1,0.95,0.949561,0.0495348,0.0685233
VN30,naive,5,0.8,0.799342,0.0663766,0.0957166
VN30,naive,5,0.95,0.948465,0.109927,0.147597
VN30,naive,20,0.8,0.801535,0.15925,0.212806
VN30,naive,20,0.95,0.948465,0.305258,0.343697
