method,horizon,alpha,regime,coverage,n,nominal
gaussian_vol,1,0.2,high vol,0.871429,210,0.8
gaussian_vol,1,0.2,mid vol,0.84058,345,0.8
gaussian_vol,1,0.2,low vol,0.80112,357,0.8
static_abs,1,0.2,high vol,0.771429,210,0.8
static_abs,1,0.2,mid vol,0.826087,345,0.8
static_abs,1,0.2,low vol,0.92437,357,0.8
rolling_abs,1,0.2,high vol,0.733333,210,0.8
rolling_abs,1,0.2,mid vol,0.791304,345,0.8
rolling_abs,1,0.2,low vol,0.904762,357,0.8
static_norm,1,0.2,high vol,0.857143,210,0.8
static_norm,1,0.2,mid vol,0.817391,345,0.8
static_norm,1,0.2,low vol,0.787115,357,0.8
rolling_norm,1,0.2,high vol,0.847619,210,0.8
rolling_norm,1,0.2,mid vol,0.811594,345,0.8
rolling_norm,1,0.2,low vol,0.778711,357,0.8
aci_norm,1,0.2,high vol,0.852381,210,0.8
aci_norm,1,0.2,mid vol,0.802899,345,0.8
aci_norm,1,0.2,low vol,0.770308,357,0.8
gaussian_vol,1,0.05,high vol,0.961905,210,0.95
gaussian_vol,1,0.05,mid vol,0.947826,345,0.95
gaussian_vol,1,0.05,low vol,0.921569,357,0.95
static_abs,1,0.05,high vol,0.952381,210,0.95
static_abs,1,0.05,mid vol,0.982609,345,0.95
static_abs,1,0.05,low vol,0.991597,357,0.95
rolling_abs,1,0.05,high vol,0.904762,210,0.95
rolling_abs,1,0.05,mid vol,0.944928,345,0.95
rolling_abs,1,0.05,low vol,0.985994,357,0.95
static_norm,1,0.05,high vol,0.971429,210,0.95
static_norm,1,0.05,mid vol,0.95942,345,0.95
static_norm,1,0.05,low vol,0.941176,357,0.95
rolling_norm,1,0.05,high vol,0.97619,210,0.95
rolling_norm,1,0.05,mid vol,0.962319,345,0.95
rolling_norm,1,0.05,low vol,0.943978,357,0.95
aci_norm,1,0.05,high vol,0.97619,210,0.95
aci_norm,1,0.05,mid vol,0.956522,345,0.95
aci_norm,1,0.05,low vol,0.927171,357,0.95
gaussian_vol,5,0.2,high vol,0.914286,210,0.8
gaussian_vol,5,0.2,mid vol,0.805797,345,0.8
gaussian_vol,5,0.2,low vol,0.731092,357,0.8
static_abs,5,0.2,high vol,0.8,210,0.8
static_abs,5,0.2,mid vol,0.834783,345,0.8
static_abs,5,0.2,low vol,0.929972,357,0.8
rolling_abs,5,0.2,high vol,0.714286,210,0.8
rolling_abs,5,0.2,mid vol,0.776812,345,0.8
rolling_abs,5,0.2,low vol,0.907563,357,0.8
static_norm,5,0.2,high vol,0.928571,210,0.8
static_norm,5,0.2,mid vol,0.828986,345,0.8
static_norm,5,0.2,low vol,0.767507,357,0.8
rolling_norm,5,0.2,high vol,0.919048,210,0.8
rolling_norm,5,0.2,mid vol,0.814493,345,0.8
rolling_norm,5,0.2,low vol,0.736695,357,0.8
aci_norm,5,0.2,high vol,0.928571,210,0.8
aci_norm,5,0.2,mid vol,0.808696,345,0.8
aci_norm,5,0.2,low vol,0.714286,357,0.8
gaussian_vol,5,0.05,high vol,0.985714,210,0.95
gaussian_vol,5,0.05,mid vol,0.930435,345,0.95
gaussian_vol,5,0.05,low vol,0.893557,357,0.95
static_abs,5,0.05,high vol,0.97619,210,0.95
static_abs,5,0.05,mid vol,0.988406,345,0.95
static_abs,5,0.05,low vol,0.985994,357,0.95
rolling_abs,5,0.05,high vol,0.947619,210,0.95
rolling_abs,5,0.05,mid vol,0.956522,345,0.95
rolling_abs,5,0.05,low vol,0.977591,357,0.95
static_norm,5,0.05,high vol,1,210,0.95
static_norm,5,0.05,mid vol,0.973913,345,0.95
static_norm,5,0.05,low vol,0.943978,357,0.95
rolling_norm,5,0.05,high vol,0.995238,210,0.95
rolling_norm,5,0.05,mid vol,0.962319,345,0.95
rolling_norm,5,0.05,low vol,0.929972,357,0.95
aci_norm,5,0.05,high vol,0.995238,210,0.95
aci_norm,5,0.05,mid vol,0.965217,345,0.95
aci_norm,5,0.05,low vol,0.904762,357,0.95
gaussian_vol,20,0.2,high vol,0.92381,210,0.8
gaussian_vol,20,0.2,mid vol,0.805797,345,0.8
gaussian_vol,20,0.2,low vol,0.686275,357,0.8
static_abs,20,0.2,high vol,0.838095,210,0.8
static_abs,20,0.2,mid vol,0.843478,345,0.8
static_abs,20,0.2,low vol,0.929972,357,0.8
rolling_abs,20,0.2,high vol,0.742857,210,0.8
rolling_abs,20,0.2,mid vol,0.791304,345,0.8
rolling_abs,20,0.2,low vol,0.857143,357,0.8
static_norm,20,0.2,high vol,0.952381,210,0.8
static_norm,20,0.2,mid vol,0.828986,345,0.8
static_norm,20,0.2,low vol,0.717087,357,0.8
rolling_norm,20,0.2,high vol,0.92381,210,0.8
rolling_norm,20,0.2,mid vol,0.817391,345,0.8
rolling_norm,20,0.2,low vol,0.686275,357,0.8
aci_norm,20,0.2,high vol,0.966667,210,0.8
aci_norm,20,0.2,mid vol,0.872464,345,0.8
aci_norm,20,0.2,low vol,0.635854,357,0.8
gaussian_vol,20,0.05,high vol,0.990476,210,0.95
gaussian_vol,20,0.05,mid vol,0.924638,345,0.95
gaussian_vol,20,0.05,low vol,0.823529,357,0.95
static_abs,20,0.05,high vol,0.985714,210,0.95
static_abs,20,0.05,mid vol,0.985507,345,0.95
static_abs,20,0.05,low vol,0.991597,357,0.95
rolling_abs,20,0.05,high vol,0.885714,210,0.95
rolling_abs,20,0.05,mid vol,0.921739,345,0.95
rolling_abs,20,0.05,low vol,0.963585,357,0.95
static_norm,20,0.05,high vol,1,210,0.95
static_norm,20,0.05,mid vol,0.994203,345,0.95
static_norm,20,0.05,low vol,0.985994,357,0.95
rolling_norm,20,0.05,high vol,1,210,0.95
rolling_norm,20,0.05,mid vol,0.965217,345,0.95
rolling_norm,20,0.05,low vol,0.943978,357,0.95
aci_norm,20,0.05,high vol,1,210,0.95
aci_norm,20,0.05,mid vol,0.97971,345,0.95
aci_norm,20,0.05,low vol,0.887955,357,0.95
