method,horizon,nominal,coverage,mean_width,interval_score,n,coverage_gap
gaussian_vol,1,0.8,0.832237,0.0293741,0.0421988,912,0.0322368
static_abs,1,0.8,0.851974,0.0296554,0.0433285,912,0.0519737
rolling_abs,1,0.8,0.822368,0.0267993,0.0431576,912,0.0223684
static_norm,1,0.8,0.814693,0.0279879,0.0419506,912,0.014693
rolling_norm,1,0.8,0.807018,0.0277772,0.041994,912,0.00701754
aci_norm,1,0.8,0.801535,0.0271243,0.0420494,912,0.00153509
gaussian_vol,1,0.95,0.940789,0.0449238,0.0670595,912,-0.00921053
static_abs,1,0.95,0.979167,0.063733,0.0756193,912,0.0291667
rolling_abs,1,0.95,0.951754,0.0550568,0.075782,912,0.00175439
static_norm,1,0.95,0.955044,0.0495433,0.0674555,912,0.00504386
rolling_norm,1,0.95,0.958333,0.0498573,0.0680247,912,0.00833333
aci_norm,1,0.95,0.949561,0.0495348,0.0685233,912,-0.000438596
gaussian_vol,5,0.8,0.801535,0.0656825,0.0947004,912,0.00153509
static_abs,5,0.8,0.864035,0.0741503,0.0956575,912,0.0640351
rolling_abs,5,0.8,0.813596,0.0661523,0.0958827,912,0.0135965
static_norm,5,0.8,0.827851,0.0705891,0.0956826,912,0.0278509
rolling_norm,5,0.8,0.808114,0.0670128,0.0951896,912,0.00811404
aci_norm,5,0.8,0.799342,0.0663766,0.0957166,912,-0.000657895
gaussian_vol,5,0.95,0.928728,0.100453,0.143171,912,-0.0212719
static_abs,5,0.95,0.984649,0.140192,0.153639,912,0.0346491
rolling_abs,5,0.95,0.962719,0.115548,0.149557,912,0.0127193
static_norm,5,0.95,0.968202,0.118805,0.147439,912,0.0182018
rolling_norm,5,0.95,0.957237,0.112703,0.146717,912,0.00723684
aci_norm,5,0.95,0.948465,0.109927,0.147597,912,-0.00153509
gaussian_vol,20,0.8,0.786184,0.131365,0.193373,912,-0.0138158
static_abs,20,0.8,0.876096,0.160681,0.19073,912,0.0760965
rolling_abs,20,0.8,0.805921,0.13558,0.193456,912,0.00592105
static_norm,20,0.8,0.813596,0.143333,0.195612,912,0.0135965
rolling_norm,20,0.8,0.79057,0.137512,0.197164,912,-0.00942982
aci_norm,20,0.8,0.801535,0.15925,0.212806,912,0.00153509
gaussian_vol,20,0.95,0.900219,0.200906,0.286915,912,-0.0497807
static_abs,20,0.95,0.987939,0.265464,0.273329,912,0.0379386
rolling_abs,20,0.95,0.929825,0.248381,0.311578,912,-0.0201754
static_norm,20,0.95,0.992325,0.312789,0.32233,912,0.0423246
rolling_norm,20,0.95,0.964912,0.288371,0.315567,912,0.0149123
aci_norm,20,0.95,0.948465,0.305258,0.343697,912,-0.00153509
